time,open,high,low,close,volume
1700000100,63000.0,63016.34,62953.18,62963.69,307.76
1700001000,62963.69,63229.33,62785.12,63140.49,80.43
1700001900,63140.49,63151.47,63063.71,63085.69,59.29
1700002800,63085.69,63422.82,62955.62,63379.31,240.73
1700003700,63379.31,63566.53,63375.35,63441.76,332.04
1700004600,63441.76,63469.54,63332.59,63414.78,104.42
1700005500,63414.78,63659.3,63378.96,63636.33,346.62
1700006400,63636.33,63837.33,63531.29,63699.51,305.41
1700007300,63699.51,63757.5,62945.37,63031.95,340.29
1700008200,63031.95,63391.59,62904.49,63252.82,252.07
1700009100,63252.82,63280.7,63220.15,63231.0,77.93
1700010000,63231.0,63442.79,63187.49,63438.05,147.29
1700010900,63438.05,63506.31,63234.34,63278.95,143.44
1700011800,63278.95,63532.04,63225.78,63405.34,263.2
1700012700,63405.34,63735.89,63357.24,63600.24,396.33
1700013600,63600.24,63890.73,63506.45,63812.87,289.61
1700014500,63812.87,64194.81,63809.66,64056.1,160.41
1700015400,64056.1,64128.35,63990.36,64120.99,380.02
1700016300,64120.99,64338.76,64066.96,64280.0,370.09
1700017200,64280.0,64353.13,64046.91,64066.18,136.32
1700018100,64066.18,64094.4,63704.35,63880.78,189.79
1700019000,63880.78,63944.4,63279.63,63604.18,228.33
1700019900,63604.18,63686.72,63500.69,63670.68,327.23
1700020800,63670.68,63928.86,63654.42,63898.2,183.57
1700021700,63898.2,64214.68,63711.0,64211.8,54.02
1700022600,64211.8,64238.46,63976.55,64119.62,237.94
1700023500,64119.62,64256.51,64002.41,64080.88,208.8
1700024400,64080.88,64446.11,64024.7,64257.46,142.19
1700025300,64257.46,64257.68,63930.37,64096.2,154.46
1700026200,64096.2,64180.85,63725.15,63825.69,103.49
1700027100,63825.69,63969.54,63804.63,63850.65,50.2
1700028000,63850.65,63859.18,63524.82,63541.71,375.18
1700028900,63541.71,64013.72,63530.07,63888.82,357.3
1700029800,63888.82,64009.77,63875.55,63971.4,220.1
1700030700,63971.4,64432.59,63966.4,64363.81,216.35
1700031600,64363.81,64435.9,64206.23,64229.51,355.35
1700032500,64229.51,64260.38,63921.73,64072.53,120.4
1700033400,64072.53,64191.17,63681.18,63971.18,277.46
1700034300,63971.18,64015.11,63635.91,63685.29,168.33
1700035200,63685.29,63869.37,63648.89,63810.54,127.08
1700036100,63810.54,64194.35,63783.12,64135.74,350.87
1700037000,64135.74,64752.59,64105.19,64688.02,284.14
1700037900,64688.02,64769.16,64572.0,64718.74,215.43
1700038800,64718.74,64756.77,64414.25,64585.97,116.64
1700039700,64585.97,64870.08,64489.58,64811.01,305.18
1700040600,64811.01,65075.26,64562.91,64945.36,84.45
1700041500,64945.36,64996.3,64704.34,64751.75,116.57
1700042400,64751.75,64848.18,64569.98,64602.16,147.49
1700043300,64602.16,64822.46,64421.7,64602.87,242.61
1700044200,64602.87,65133.78,64487.63,64782.54,342.61
1700045100,64782.54,65406.59,64748.48,65363.24,219.97
1700046000,65363.24,65385.66,65138.39,65234.91,70.52
1700046900,65234.91,65430.86,64669.42,64685.62,209.25
1700047800,64685.62,65353.82,64572.28,65136.58,398.4
1700048700,65136.58,65189.98,64701.1,64746.99,389.05
1700049600,64746.99,65033.54,64689.05,64926.56,311.79
1700050500,64926.56,65294.23,64735.97,65248.65,105.1
1700051400,65248.65,65287.44,65229.75,65239.5,115.04
1700052300,65239.5,65322.02,64911.29,64915.86,361.6
1700053200,64915.86,65049.64,64785.06,65046.52,266.78
1700054100,65046.52,65109.3,64520.93,64745.49,121.49
1700055000,64745.49,64760.61,64589.16,64659.18,188.53
1700055900,64659.18,64731.38,64490.68,64555.98,75.39
1700056800,64555.98,65288.93,64465.71,64950.37,398.63
1700057700,64950.37,65141.58,64928.75,65111.54,358.3
1700058600,65111.54,65783.5,65047.01,65714.78,105.21
1700059500,65714.78,66053.98,65492.44,65920.65,278.89
1700060400,65920.65,66102.7,65409.09,65417.97,154.78
1700061300,65417.97,65616.49,65065.48,65097.62,87.46
1700062200,65097.62,65267.64,65072.06,65193.98,261.69
1700063100,65193.98,65258.6,65107.54,65158.42,220.99
1700064000,65158.42,65315.04,64900.29,65006.0,82.3
1700064900,65006.0,65042.25,64653.45,64820.38,272.99
1700065800,64820.38,64842.3,64660.96,64830.3,243.09
1700066700,64830.3,64836.25,64618.52,64797.82,366.38
1700067600,64797.82,65219.9,64745.72,65042.36,253.88
1700068500,65042.36,65164.43,64967.59,65123.52,328.64
1700069400,65123.52,65779.44,64962.96,65644.35,123.53
1700070300,65644.35,65690.57,65605.9,65644.71,192.23
1700071200,65644.71,65686.14,65070.36,65109.27,375.46
1700072100,65109.27,65781.08,65034.12,65578.88,58.68
1700073000,65578.88,65586.33,64988.8,65076.21,375.79
1700073900,65076.21,65428.92,65047.56,65243.84,325.58
1700074800,65243.84,65398.29,64928.7,65053.03,350.51
1700075700,65053.03,65312.88,64972.34,65135.62,328.37
1700076600,65135.62,65193.51,65114.45,65190.5,117.6
1700077500,65190.5,65362.8,64867.28,64944.4,274.52
1700078400,64944.4,65166.18,64739.28,64900.99,237.68
1700079300,64900.99,65038.25,64840.98,65020.26,386.89
1700080200,65020.26,65024.79,64943.62,64990.1,202.1
1700081100,64990.1,65073.92,64868.18,64959.79,184.82
1700082000,64959.79,65026.02,64732.84,64767.32,298.07
1700082900,64767.32,65360.2,64616.93,65357.82,309.68
1700083800,65357.82,65402.45,65176.28,65258.1,74.49
1700084700,65258.1,65333.32,65064.04,65138.17,301.91
1700085600,65138.17,65630.02,65058.28,65603.7,192.94
1700086500,65603.7,65651.12,65352.6,65424.03,379.13
1700087400,65424.03,65713.79,65233.85,65620.07,265.43
1700088300,65620.07,65737.8,65435.17,65515.99,200.46
1700089200,65515.99,65642.14,65446.96,65516.54,212.75
1700090100,65516.54,65540.76,65138.78,65346.69,328.61
1700091000,65346.69,65460.97,65310.57,65440.99,230.41
1700091900,65440.99,65506.76,65214.22,65282.29,285.48
1700092800,65282.29,65292.64,64822.36,64886.4,58.55
1700093700,64886.4,65006.42,64864.2,64895.95,195.05
1700094600,64895.95,64939.84,64767.64,64814.18,293.72
1700095500,64814.18,64816.75,64614.71,64620.4,312.84
1700096400,64620.4,64626.18,64552.11,64597.75,198.8
1700097300,64597.75,65108.82,64566.84,64889.85,137.22
1700098200,64889.85,64952.11,64792.87,64880.47,330.5
1700099100,64880.47,65131.71,64303.25,64498.76,362.0
1700100000,64498.76,64615.93,64042.56,64142.27,226.67
1700100900,64142.27,64405.3,64015.49,64299.02,216.14
1700101800,64299.02,64303.22,63971.32,64043.6,273.18
1700102700,64043.6,64190.53,63989.77,64074.45,77.12
1700103600,64074.45,64091.49,63853.2,63927.65,161.9
1700104500,63927.65,63940.71,63775.21,63792.51,297.25
1700105400,63792.51,64273.06,63754.06,64182.46,239.91
1700106300,64182.46,64215.55,63848.95,64031.59,254.43
1700107200,64031.59,64362.59,63853.23,64298.78,317.96
1700108100,64298.78,64305.94,64182.07,64278.34,348.71
1700109000,64278.34,64720.35,64249.36,64623.63,311.63
1700109900,64623.63,64661.3,64274.31,64286.81,202.54
1700110800,64286.81,64550.79,64270.98,64464.72,287.7
1700111700,64464.72,64497.57,64287.62,64337.0,267.79
1700112600,64337.0,64459.61,64320.71,64364.36,247.54
1700113500,64364.36,64752.02,64293.66,64728.42,67.6
1700114400,64728.42,64994.12,64682.31,64945.41,164.4
1700115300,64945.41,65058.19,64943.09,64963.29,138.3
1700116200,64963.29,64980.07,64463.16,64472.58,238.8
1700117100,64472.58,64711.99,64373.6,64711.94,278.11
1700118000,64711.94,64718.25,64110.74,64346.61,119.78
1700118900,64346.61,64500.51,64245.84,64493.4,247.39
1700119800,64493.4,64797.02,64346.42,64766.9,318.41
1700120700,64766.9,65057.63,64766.28,64941.83,336.76
1700121600,64941.83,64987.29,64803.49,64813.71,58.99
1700122500,64813.71,64949.0,64571.55,64665.71,300.26
1700123400,64665.71,64797.67,64529.95,64598.16,269.53
1700124300,64598.16,65054.89,64520.82,64954.73,92.37
1700125200,64954.73,65124.08,64653.23,64670.4,171.52
1700126100,64670.4,64711.0,64358.01,64446.27,347.35
1700127000,64446.27,64466.31,64396.43,64437.45,386.28
1700127900,64437.45,64574.09,64091.33,64118.59,306.83
1700128800,64118.59,64193.12,63837.77,63854.13,332.87
1700129700,63854.13,63880.28,63426.89,63568.93,143.94
1700130600,63568.93,63838.69,63424.68,63731.22,80.33
1700131500,63731.22,63920.0,63603.19,63871.5,182.65
1700132400,63871.5,64132.77,63837.97,63948.64,113.64
1700133300,63948.64,64223.44,63842.38,64056.48,295.41
1700134200,64056.48,64503.92,64042.94,64501.65,381.82
1700135100,64501.65,64934.76,64339.05,64855.22,291.71
1700136000,64855.22,64955.36,64765.52,64886.56,327.53
1700136900,64886.56,65077.87,64856.79,65039.76,253.54
1700137800,65039.76,65158.11,64812.01,64832.02,198.93
1700138700,64832.02,64919.15,64803.52,64826.08,137.99
1700139600,64826.08,64872.26,64585.33,64628.93,91.84
1700140500,64628.93,64665.64,64175.21,64201.86,219.47
1700141400,64201.86,64408.59,63941.29,64366.52,233.62
1700142300,64366.52,64410.01,64318.27,64342.12,112.8
1700143200,64342.12,64634.89,64331.53,64515.75,146.01
1700144100,64515.75,64858.99,64499.44,64839.13,353.96
1700145000,64839.13,65036.28,64700.37,64711.66,250.92
1700145900,64711.66,64731.65,64425.27,64437.86,379.37
1700146800,64437.86,64692.63,64412.81,64514.56,190.25
1700147700,64514.56,64901.01,64462.64,64839.5,246.99
1700148600,64839.5,64991.41,64546.41,64888.23,91.46
1700149500,64888.23,65052.77,64870.6,64920.35,232.9
1700150400,64920.35,65020.61,64708.54,64740.67,351.06
1700151300,64740.67,64966.52,64644.16,64961.31,309.03
1700152200,64961.31,65024.24,64694.23,64715.66,123.86
1700153100,64715.66,64763.65,64617.28,64634.92,50.94
1700154000,64634.92,64849.65,64595.1,64725.58,151.94
1700154900,64725.58,64923.89,64694.49,64772.69,290.58
1700155800,64772.69,64924.59,64421.61,64499.99,268.77
1700156700,64499.99,64691.17,64074.11,64181.74,276.67
1700157600,64181.74,64479.21,64083.65,64327.67,74.99
1700158500,64327.67,64510.46,64326.85,64438.88,151.01
1700159400,64438.88,64543.72,64000.93,64104.37,294.91
1700160300,64104.37,64427.2,64065.02,64387.1,63.95
1700161200,64387.1,64468.76,64351.81,64391.21,137.63
1700162100,64391.21,65079.4,64326.22,64944.21,382.78
1700163000,64944.21,65089.72,64652.28,64652.67,144.33
1700163900,64652.67,65114.42,64514.27,65073.4,370.63
1700164800,65073.4,65197.15,64955.7,65143.05,272.17
1700165700,65143.05,65145.27,64978.51,65029.22,284.55
1700166600,65029.22,65275.29,64961.19,65220.46,292.79
1700167500,65220.46,65449.46,65022.96,65070.93,209.19
1700168400,65070.93,65104.95,64688.95,64767.85,389.56
1700169300,64767.85,64834.0,64369.85,64511.14,239.91
1700170200,64511.14,64564.47,64450.64,64482.96,176.62
1700171100,64482.96,64633.06,64478.87,64497.59,242.23
1700172000,64497.59,64590.93,64278.39,64323.87,294.39
1700172900,64323.87,65004.83,64268.56,64824.09,105.43
1700173800,64824.09,64941.12,64664.26,64702.9,82.62
1700174700,64702.9,65284.6,64655.8,65274.08,341.25
1700175600,65274.08,65460.94,65272.49,65305.39,228.11
1700176500,65305.39,65489.25,65160.12,65232.7,242.94
1700177400,65232.7,65397.13,65061.03,65208.55,227.88
1700178300,65208.55,65722.01,65180.18,65586.87,195.23
1700179200,65586.87,66152.1,65539.84,66044.08,337.19
1700180100,66044.08,66125.74,65686.21,65998.5,221.37
1700181000,65998.5,66071.75,65394.0,65492.21,170.79
1700181900,65492.21,65531.63,65098.68,65181.47,116.03
1700182800,65181.47,65286.38,65060.99,65245.09,131.75
1700183700,65245.09,65286.42,65240.0,65257.55,333.99
1700184600,65257.55,65366.59,64755.54,64849.77,337.26
1700185500,64849.77,65164.67,64737.95,65150.93,256.56
1700186400,65150.93,65357.98,65005.62,65221.89,204.11
1700187300,65221.89,65239.44,64920.2,64937.43,279.17
1700188200,64937.43,64999.44,64584.5,64674.6,389.22
1700189100,64674.6,64801.15,64353.48,64464.7,348.32
1700190000,64464.7,64524.67,63984.75,64057.39,160.83
1700190900,64057.39,64216.46,63954.88,63972.92,73.95
1700191800,63972.92,64119.75,63764.66,63923.19,399.1
1700192700,63923.19,64025.47,63806.93,63917.65,355.4
1700193600,63917.65,64266.63,63866.52,64127.77,366.2
1700194500,64127.77,64615.5,64102.68,64566.28,100.95
1700195400,64566.28,64930.56,64541.93,64807.37,327.38
1700196300,64807.37,64892.61,64714.32,64858.03,134.29
1700197200,64858.03,64904.19,64568.31,64596.36,211.4
1700198100,64596.36,64670.74,64416.62,64591.4,365.42
1700199000,64591.4,64643.92,64540.36,64618.95,204.61
1700199900,64618.95,64725.39,64359.32,64424.58,137.53
1700200800,64424.58,64460.89,64164.03,64217.07,184.64
1700201700,64217.07,64224.53,63916.09,64029.09,397.44
1700202600,64029.09,64103.47,63628.77,63882.82,280.38
1700203500,63882.82,64005.16,63770.14,63832.24,67.17
1700204400,63832.24,63920.29,63375.07,63444.2,366.45
1700205300,63444.2,63610.25,63272.46,63341.73,272.82
1700206200,63341.73,63445.42,63096.34,63194.58,302.32
1700207100,63194.58,63346.87,62792.57,62933.92,276.22
1700208000,62933.92,62970.75,62447.0,62541.29,252.85
1700208900,62541.29,62581.81,62485.75,62529.26,111.47
1700209800,62529.26,63006.95,62443.05,62927.67,390.02
1700210700,62927.67,62967.9,62346.27,62381.2,338.64
1700211600,62381.2,62549.69,62193.7,62212.95,311.3
1700212500,62212.95,62252.13,62097.87,62147.83,388.28
1700213400,62147.83,62243.31,62001.05,62116.19,392.98
1700214300,62116.19,62590.33,62006.62,62555.71,54.87
1700215200,62555.71,62987.4,62532.17,62886.23,285.49
1700216100,62886.23,62996.67,62631.75,62729.92,87.92
1700217000,62729.92,62732.07,62173.92,62194.81,359.48
1700217900,62194.81,62272.81,61676.73,61682.71,338.35
1700218800,61682.71,61836.64,61640.4,61770.44,192.9
1700219700,61770.44,62325.43,61734.28,62151.93,84.02
1700220600,62151.93,62463.2,62119.18,62424.8,208.78
1700221500,62424.8,62560.32,62135.83,62227.57,309.79
1700222400,62227.57,62282.13,62061.53,62141.18,84.66
1700223300,62141.18,62147.57,61864.34,61887.18,179.69
1700224200,61887.18,62100.58,61788.77,61868.03,349.41
1700225100,61868.03,62256.46,61621.8,62173.53,175.54
1700226000,62173.53,62222.06,61948.2,61984.23,92.76
1700226900,61984.23,62225.78,61914.82,62141.99,259.0
1700227800,62141.99,62304.4,61816.2,61838.02,135.25
1700228700,61838.02,62147.63,61694.57,62062.25,122.51
1700229600,62062.25,62278.85,61878.59,62238.83,165.0
1700230500,62238.83,62721.09,62054.27,62559.83,100.64
1700231400,62559.83,62617.45,62507.87,62568.64,111.07
1700232300,62568.64,62586.83,62373.31,62538.31,133.28
1700233200,62538.31,62605.48,62486.39,62579.51,68.34
1700234100,62579.51,62694.07,62560.69,62563.6,322.31
1700235000,62563.6,62608.54,62275.36,62279.09,226.34
1700235900,62279.09,62358.31,62240.2,62348.95,232.51
1700236800,62348.95,62581.79,61796.54,61858.89,71.29
1700237700,61858.89,61871.27,61568.38,61610.31,368.4
1700238600,61610.31,61644.27,61330.14,61346.96,262.9
1700239500,61346.96,61556.93,61269.19,61527.24,163.81
1700240400,61527.24,61640.67,61293.16,61296.97,208.8
1700241300,61296.97,61322.82,61154.98,61208.61,277.82
1700242200,61208.61,61226.04,60606.63,60751.17,125.26
1700243100,60751.17,60770.84,60531.22,60584.18,195.6
1700244000,60584.18,60889.62,60530.25,60810.06,282.79
1700244900,60810.06,60847.34,60681.45,60711.5,341.12
1700245800,60711.5,60745.7,60646.71,60669.38,308.58
1700246700,60669.38,60894.08,60569.34,60786.47,165.38
1700247600,60786.47,60847.74,60566.04,60625.05,282.87
1700248500,60625.05,60808.96,60581.83,60625.92,260.14
1700249400,60625.92,60697.12,59904.1,59999.0,124.46
1700250300,59999.0,60052.44,59769.41,59904.42,178.65
1700251200,59904.42,60204.87,59787.38,60195.53,332.53
1700252100,60195.53,60766.22,60143.63,60562.77,274.94
1700253000,60562.77,60768.92,60224.96,60259.11,340.31
1700253900,60259.11,60315.79,60219.72,60242.47,168.94
1700254800,60242.47,60424.82,60037.4,60044.38,248.21
1700255700,60044.38,60073.47,59921.48,59936.51,311.14
1700256600,59936.51,59956.9,59800.59,59892.09,169.31
1700257500,59892.09,59996.79,59610.3,59629.74,79.73
1700258400,59629.74,59679.26,59308.36,59325.26,266.24
1700259300,59325.26,59388.24,59184.46,59238.31,204.72
1700260200,59238.31,59259.92,58858.97,59005.84,89.84
1700261100,59005.84,59036.63,58787.33,58831.59,283.5
1700262000,58831.59,58916.52,58562.0,58586.81,259.76
1700262900,58586.81,58788.68,58575.29,58785.07,139.43
1700263800,58785.07,58914.25,58775.38,58909.06,311.45
1700264700,58909.06,59090.12,58879.19,59012.8,341.67
1700265600,59012.8,59024.64,58714.48,58746.46,351.62
1700266500,58746.46,58795.07,58592.13,58790.56,251.52
1700267400,58790.56,58914.73,58506.57,58568.04,196.19
1700268300,58568.04,58616.04,58496.54,58604.09,266.34
1700269200,58604.09,59077.82,58432.28,58979.87,80.85
1700270100,58979.87,59133.27,58888.45,59078.42,188.52
1700271000,59078.42,59108.26,58851.07,58925.87,166.57
1700271900,58925.87,59156.67,58846.26,59064.48,367.07
1700272800,59064.48,59333.56,58948.59,59249.79,336.63
1700273700,59249.79,59378.89,59214.1,59318.93,260.84
1700274600,59318.93,59452.44,59189.3,59444.09,112.0
1700275500,59444.09,59586.9,59439.88,59483.8,207.12
1700276400,59483.8,59586.03,59029.63,59082.05,272.35
1700277300,59082.05,59206.91,58711.94,58747.09,73.9
1700278200,58747.09,58817.06,58624.17,58650.71,146.14
1700279100,58650.71,58949.0,58614.96,58912.66,69.91
1700280000,58912.66,59170.11,58881.9,59152.69,352.49
1700280900,59152.69,59450.6,59053.89,59353.54,244.01
1700281800,59353.54,59402.73,59158.96,59341.79,207.41
1700282700,59341.79,59588.89,59297.85,59468.35,102.8
1700283600,59468.35,59750.54,59452.54,59711.8,364.69
1700284500,59711.8,59829.84,59447.45,59502.37,136.71
1700285400,59502.37,59591.15,59461.58,59498.18,232.96
1700286300,59498.18,59695.47,59479.4,59622.89,168.43
1700287200,59622.89,59991.61,59531.83,59862.2,276.56
1700288100,59862.2,59976.0,59830.26,59959.88,303.31
1700289000,59959.88,60068.3,59620.82,59783.3,355.65
1700289900,59783.3,59885.97,59572.84,59625.17,388.69
1700290800,59625.17,59825.41,59540.59,59796.95,258.26
1700291700,59796.95,60016.82,59683.43,59987.41,334.61
1700292600,59987.41,60366.5,59839.17,60284.74,308.57
1700293500,60284.74,60386.32,60110.79,60168.36,176.64
1700294400,60168.36,60205.34,59924.7,59967.8,124.97
1700295300,59967.8,60263.49,59960.61,60229.82,77.01
1700296200,60229.82,60382.85,60195.23,60359.47,319.81
1700297100,60359.47,60777.0,60279.72,60614.73,318.21
1700298000,60614.73,60726.5,60549.88,60666.36,106.79
1700298900,60666.36,61006.95,60646.51,60870.19,203.19
1700299800,60870.19,60986.38,60660.97,60733.67,133.14
1700300700,60733.67,60759.3,60545.9,60546.81,236.9
1700301600,60546.81,60607.1,60129.34,60282.43,214.16
1700302500,60282.43,60474.78,60035.78,60400.13,211.59
1700303400,60400.13,60417.75,60086.01,60172.78,234.61
1700304300,60172.78,60641.6,60157.19,60606.36,137.5
1700305200,60606.36,60723.28,60337.66,60480.84,244.09
1700306100,60480.84,60960.91,60436.72,60854.83,317.09
1700307000,60854.83,60883.11,60498.72,60694.36,101.57
1700307900,60694.36,60778.68,60134.49,60151.76,172.35
1700308800,60151.76,60440.81,60146.78,60411.25,225.7
1700309700,60411.25,60772.46,60395.94,60480.84,375.79
1700310600,60480.84,60591.68,60369.49,60521.77,326.98
1700311500,60521.77,60707.88,60454.46,60650.96,98.58
1700312400,60650.96,60678.33,60227.68,60322.58,51.84
1700313300,60322.58,60518.91,60264.49,60485.59,304.53
1700314200,60485.59,60528.97,60215.21,60222.82,150.84
1700315100,60222.82,60249.63,60058.47,60199.02,209.99
1700316000,60199.02,60556.46,60073.28,60405.61,258.86
1700316900,60405.61,60706.18,60403.06,60694.89,200.23
1700317800,60694.89,60880.72,60650.29,60829.89,195.8
1700318700,60829.89,60863.04,60743.44,60777.14,234.12
1700319600,60777.14,61048.85,60750.19,60762.71,243.95
1700320500,60762.71,60827.96,60382.8,60551.14,138.78
1700321400,60551.14,60710.41,60021.43,60037.6,170.68
1700322300,60037.6,60163.56,59981.7,60001.46,166.38
1700323200,60001.46,60110.21,59582.87,59613.77,334.73
1700324100,59613.77,59940.65,59479.28,59801.71,271.11
1700325000,59801.71,59895.24,59771.71,59883.02,321.67
1700325900,59883.02,59902.69,59632.91,59690.39,64.67
1700326800,59690.39,59832.21,59646.58,59733.68,396.19
1700327700,59733.68,59751.97,59556.48,59557.69,174.94
1700328600,59557.69,59592.17,59227.33,59402.57,166.17
1700329500,59402.57,59624.39,59289.65,59564.06,363.12
1700330400,59564.06,59746.5,59155.77,59312.63,223.67
1700331300,59312.63,59315.78,58616.36,58773.65,304.48
1700332200,58773.65,58878.97,58665.67,58722.6,337.82
1700333100,58722.6,58744.45,58411.1,58524.21,157.27
1700334000,58524.21,58764.36,58468.61,58690.2,291.42
1700334900,58690.2,58711.0,58592.89,58649.06,399.35
1700335800,58649.06,58686.88,58247.1,58489.63,381.77
1700336700,58489.63,58843.62,58386.62,58786.56,287.79
1700337600,58786.56,59153.57,58772.25,59106.51,262.65
1700338500,59106.51,59141.96,58966.1,59118.81,178.21
1700339400,59118.81,59372.45,59041.75,59287.15,261.78
1700340300,59287.15,59482.8,58933.62,59037.88,250.87
1700341200,59037.88,59414.66,59021.46,59326.53,277.35
1700342100,59326.53,59370.49,59317.12,59326.81,185.45
1700343000,59326.81,59391.0,59022.84,59048.92,141.1
1700343900,59048.92,59147.25,58258.73,58301.93,221.92
1700344800,58301.93,58932.56,58182.68,58808.66,208.21
1700345700,58808.66,59071.07,58694.94,59013.96,345.93
1700346600,59013.96,59235.94,58939.87,59201.2,72.73
1700347500,59201.2,59250.2,58637.07,58719.69,374.56
1700348400,58719.69,58821.18,58303.3,58421.82,228.06
1700349300,58421.82,58575.64,58322.24,58535.01,59.2
1700350200,58535.01,58931.92,58506.96,58852.05,331.28
1700351100,58852.05,58890.78,58480.31,58545.05,399.86
1700352000,58545.05,58669.81,58439.84,58648.92,319.21
1700352900,58648.92,58720.62,58524.66,58689.75,207.49
1700353800,58689.75,58724.15,58558.46,58631.62,357.29
1700354700,58631.62,58818.51,58536.69,58694.96,201.42
1700355600,58694.96,59276.62,58679.14,59251.21,93.46
1700356500,59251.21,59376.36,59189.62,59332.58,171.11
1700357400,59332.58,59844.49,59264.03,59667.45,346.08
1700358300,59667.45,59794.53,59622.22,59666.16,155.99
1700359200,59666.16,59769.6,59605.33,59627.4,109.02
